question_id,suggestion_text,analyzed_sentiment,summary,context_used
Q1,"Relax restrictions on multidisciplinary partnerships under the Companies Act and professional bodies’ rules. Allow MBAs, IT experts, insolvency professionals, and ESG consultants to join partnerships.",Suggestive,"The comment suggests easing restrictions on multidisciplinary partnerships in the Companies Act and professional bodies' rules to enable collaboration between various professions like chartered accountants, company secretaries, lawyers, actuaries, MBAs, IT experts, insolvency professionals, ESG consultants, etc., enhancing efficiency, fostering innovation, and promoting the growth of Indian professional firms on an international level.","restrictions on multidisciplinary partnerships (MDPs) prevent professionals such as chartered accountants, company secretaries, lawyers, and actuaries from working together under a single ﬁrm structur..."
Q2,"Set up an independent oversight board to ensure conflict-of-interest management, transparency in fee structures, and quality standards across disciplines.",Suggestive,"An independent oversight board is suggested to manage conflicts of interest, ensure transparency in fee structures, and maintain quality standards across various professional disciplines.","programs The International ﬁrms invest heavily in leadership academies, professional certiﬁcations, and global mobility programs to build and retain top talent. These initiatives equip professionals w..."
Q3,"Create a joint arbitration council comprising members of ICAI, ICSI, ICoAI, and Bar Council to quickly resolve inter-professional conflicts.",Suggestive,"A suggestion is made to establish a joint arbitration council consisting of representatives from the Institute of Chartered Accountants of India (ICAI), the Institute of Company Secretaries of India (ICSI), the Institute of Cost Accountants of India (ICoAI), and the Bar Council, with the aim of resolving inter-professional conflicts quickly.","restrictions on multidisciplinary partnerships (MDPs) prevent professionals such as chartered accountants, company secretaries, lawyers, and actuaries from working together under a single ﬁrm structur..."
Q4,Adopt the UK’s model of large audit-consulting firms where non-CA professionals can be partners. Use Singapore’s MDP licensing system as a template.,Suggestive,"The comment suggests adopting the UK's model of allowing non-chartered accountant (CA) professionals to become partners, similar to large audit-consulting firms. Additionally, they propose using Singapore's multi-disciplinary partnership (MDP) licensing system as a template for India.","restrictions on multidisciplinary partnerships (MDPs) prevent professionals such as chartered accountants, company secretaries, lawyers, and actuaries from working together under a single ﬁrm structur..."
Q5,Government should offer tax incentives for mergers of small firms into larger entities and fund global leadership programs for professionals.,Suggestive,"The comment suggests that the Government of India should provide tax incentives for small firms to merge and form larger entities, and also invest in global leadership programs for professionals to strengthen Indian firms and make them globally competitive.","01/5/2025- PI/MCA GOVERNMENT OF INDIA MINISTRY OF CORPORATE AFFAIRS 5 TH Floor, ‘A’ Wing, Shastri Bhawan Dr. Rajendra Prasad Road, New Delhi-110001 Dated: 17-09-2025 OFFICE MEMORANDUM Subject: Invitat..."
Q6,"Advertising restrictions on chartered accountants and lawyers must be revised. Without brand-building, Indian firms cannot compete globally.",Suggestive,The comment suggests the need for a revision in advertising restrictions for chartered accountants and lawyers in India to enable Indian firms to build strong global brands and compete effectively.,"programs The International ﬁrms invest heavily in leadership academies, professional certiﬁcations, and global mobility programs to build and retain top talent. These initiatives equip professionals w..."
Q7,"Indian firms have limited presence abroad, mostly in Middle East and Southeast Asia. They lack global networks compared to Big Four firms.",Critical,"Indian firms have a limited international presence, mainly in the Middle East and Southeast Asia, and they lag behind Big Four firms in terms of global networks.","advisory, compliance, and multidisciplinary consultancy, including IT services, tapping into its vast export potential. In addition, it is equally important to strengthen institutions, raise professio..."
Q8,"Permit firms to sponsor professional events, publish research reports, and maintain thought-leadership blogs while still banning TV/social media ads.",Suggestive,"The comment suggests allowing firms to participate in professional events, publish research reports, and maintain thought-leadership blogs as forms of promotion, but prohibiting television and social media advertisements.","restrictions on multidisciplinary partnerships (MDPs) prevent professionals such as chartered accountants, company secretaries, lawyers, and actuaries from working together under a single ﬁrm structur..."
Q9,"Encourage collaboration between Indian firms and international networks under joint venture models, while ensuring data security and majority Indian ownership.",Suggestive,"The stakeholder suggests promoting joint ventures between Indian firms and international networks, ensuring data security and maintaining majority Indian ownership to enhance the competitive standing of Indian consultancy firms on a global scale.","advisory, compliance, and multidisciplinary consultancy, including IT services, tapping into its vast export potential. In addition, it is equally important to strengthen institutions, raise professio..."
